genus,name,species
Picea ,golden Caucasian spruce ,orientalis 
Tsuga ,Thorsen's weeping hemlock,heterophylla 
Taxus  ,columnar golden yew,baccata 
Picea ,Serbian spruce,omorika 
Picea ,Caucasian spruce,orientalis 
Picea ,golden Caucasian spruce,orientalis 
Taxodium ,bald cypress,distichum 
Podocarpus ,alpine totara,nivalis 
Taxus ,spreading English yew,baccata 
Pseudotsuga ,weeping Douglas fir,menziesii 
Pinus ,"arolla pine, Swiss stone pine",cembra 
Podocarpus ,blue mountain plum-pine,lawrencei 
Podocarpus ,red-tipped mountain plum-pine,lawrencei 
Araucaria ,monkey puzzle tree,araucana 
Cryptomeria ,dwarf Japanese cedar,japonica 
Abies ,grand fir,grandis 
Abies ,Spanish fir,pinsapo 
Abies ,blue Spanish fir,pinsapo 
Thuja ,"Zebrina Western red cedar, variegated Western red cedar",plicata 
Chamaecyparis ,weeping Alaskan yellow cedar,nootkatensis 
Cephalotaxus ,"cowtail pine, plum yew",harringtonia 
Chamaecyparis ,dwarf hinoki cypress,obtusa 
Thuja ,emerald green cedar,occidentalis 
Thuja ,compact columnar arborvitae,occidentalis 
Cryptomeria ,plumose Japanese cedar,japonica 
Cryptomeria ,crested Japanese cedar,japonica 
Chamaecyparis ,golden dwarf hinoki cypress,obtusa 
Chamaecyparis ,compact fernspray hinoki cypress,obtusa 
Chamaecyparis ,dwarf hinoki cypress,obtusa 
Pinus ,Himalayan white pine,wallichiana 
Tsuga ,dwarf canadian hemlock,canadensis 
Tsuga ,Sargent's weeping hemlock,canadensis 
Chamaecyparis ,dwarf hinoki cypress,obtusa 
Chamaecyparis ,dwarf hinoki cypress,obtusa 
Chamaecyparis ,dwarf hinoki cypress,obtusa 
Thujopsis ,dwarf hiba cedar,dolabrata 
Thujopsis ,hiba cedar,dolobrata 
Cryptomeria ,Japanese cedar,japonica 
Chamaecyparis ,dwarf hinoki cypress,obtusa 
Chamaecyparis ,dwarf hinoki cypress,obtusa 
Picea ,weeping Serbian spruce,omorika 
Thuja ,"western red cedar, giant arborvitae",plicata 
Pinus ,golden lodgepole pine,contorta 
Pinus ,limber pine,flexilis 
Pinus ,compact Japanese black pine,thunbergii 
Pinus ,blue-needled Japanese white pine,parviflora 
Pinus ,shore pine,contorta 
Pinus ,tanyosho pine,densiflora 
Pinus ,Bosnian pine,heldreichii 
Tsuga ,prostrate Canadian hemlock,canadensis 
Tsuga ,dwarf mountain hemlock,mertensiana 
Sequoiadendron ,weeping giant sequoia,giganteum 
Abies ,Korean fir,koreana 
Chamaecyparis ,weeping Alaskan yellow cedar,nootkatensis 
Chamaecyparis ,narrow Alaskan yellow cedar,nootkatensis 
Cryptomeria ,golden Japanese cedar,japonica 
Calocedrus ,incense cedar,decurrens 
Tsuga ,northern Japanese hemlock,diversifolia 
Chamaecyparis ,dwarf golden threadleaf cypress,pisifera 
Microbiota ,Siberian cypress,decussata 
Larix ,contorted Japanese larch,kaempferi 
Juniperus ,Hollywood juniper,chinensis 
Metasequoia ,dawn redwood,glyptostroboides 
Taxus ,Irish yew,baccata 
Sequoia ,coast redwood,sempervirens 
Tsuga ,mountain hemlock,mertensiana 
Sequoiadendron ,blue-needled giant sequoia,giganteum 
Pseudolarix ,golden larch,amabilis 
Sciadopitys ,Japanese umbrella pine,verticillata 
Taxodium ,pond cypress,distichum 
